family,method,method_id,status,access,dataset,point_f1,point_f1_std,event_f1,event_f1_std,series,valid_point_series,valid_event_series,coverage_ratio,seeds
Residual,Persistence,persistence,no-training control,No-fit,AIOPS,0.851052,0.106186,0.682278,0.149751,29,29,29,1.000000,1
Residual,Persistence,persistence,no-training control,No-fit,NAB,0.998146,0.002687,0.905195,0.134694,10,10,10,1.000000,1
Residual,Persistence,persistence,no-training control,No-fit,TODS,0.678744,0.160280,0.506682,0.100873,15,15,15,1.000000,1
Residual,Persistence,persistence,no-training control,No-fit,UCR,0.696978,0.366003,0.417195,0.434335,203,201,201,1.000000,1
Residual,Persistence,persistence,no-training control,No-fit,WSD,0.927336,0.163993,0.811335,0.250634,210,161,161,1.000000,1
Residual,Persistence,persistence,no-training control,No-fit,Yahoo,0.599992,0.251144,0.574528,0.245075,367,352,352,1.000000,1
Residual,Rolling Mean,rolling_mean,no-training control,No-fit,AIOPS,0.892739,0.097224,0.791356,0.156680,29,29,29,1.000000,1
Residual,Rolling Mean,rolling_mean,no-training control,No-fit,NAB,0.997599,0.003328,0.881418,0.149020,10,10,10,1.000000,1
Residual,Rolling Mean,rolling_mean,no-training control,No-fit,TODS,0.778687,0.135251,0.702233,0.105811,15,15,15,1.000000,1
Residual,Rolling Mean,rolling_mean,no-training control,No-fit,UCR,0.640224,0.384829,0.381628,0.430982,203,201,201,1.000000,1
Residual,Rolling Mean,rolling_mean,no-training control,No-fit,WSD,0.971473,0.075688,0.895874,0.172319,210,161,161,1.000000,1
Residual,Rolling Mean,rolling_mean,no-training control,No-fit,Yahoo,0.724258,0.189362,0.690670,0.183589,367,352,352,1.000000,1
Residual,Rolling Median,rolling_median,no-training control,No-fit,AIOPS,0.891568,0.097210,0.796675,0.155490,29,29,29,1.000000,1
Residual,Rolling Median,rolling_median,no-training control,No-fit,NAB,0.997894,0.002886,0.891504,0.136774,10,10,10,1.000000,1
Residual,Rolling Median,rolling_median,no-training control,No-fit,TODS,0.783585,0.137067,0.699329,0.097893,15,15,15,1.000000,1
Residual,Rolling Median,rolling_median,no-training control,No-fit,UCR,0.638125,0.380288,0.378101,0.430502,203,201,201,1.000000,1
Residual,Rolling Median,rolling_median,no-training control,No-fit,WSD,0.969857,0.084936,0.897966,0.173824,210,161,161,1.000000,1
Residual,Rolling Median,rolling_median,no-training control,No-fit,Yahoo,0.752388,0.206493,0.738026,0.207496,367,352,352,1.000000,1
Residual,Spectral Residual,spectral_residual,no-training control,No-fit,AIOPS,0.896236,0.076557,0.683639,0.138393,29,29,29,1.000000,1
Residual,Spectral Residual,spectral_residual,no-training control,No-fit,NAB,0.992763,0.005909,0.678137,0.201196,10,10,10,1.000000,1
Residual,Spectral Residual,spectral_residual,no-training control,No-fit,TODS,0.728514,0.162526,0.558490,0.080608,15,15,15,1.000000,1
Residual,Spectral Residual,spectral_residual,no-training control,No-fit,UCR,0.738685,0.324268,0.354349,0.355529,203,201,201,1.000000,1
Residual,Spectral Residual,spectral_residual,no-training control,No-fit,WSD,0.917616,0.088092,0.667616,0.193977,210,161,161,1.000000,1
Residual,Spectral Residual,spectral_residual,no-training control,No-fit,Yahoo,0.624142,0.284893,0.594391,0.285668,367,352,352,1.000000,1
Residual,Rolling MAD,rolling_mad,no-training control,No-fit,AIOPS,0.780915,0.161360,0.537698,0.216535,29,29,29,1.000000,1
Residual,Rolling MAD,rolling_mad,no-training control,No-fit,NAB,0.980875,0.025905,0.617230,0.319655,10,10,10,1.000000,1
Residual,Rolling MAD,rolling_mad,no-training control,No-fit,TODS,0.797159,0.134596,0.627648,0.065636,15,15,15,1.000000,1
Residual,Rolling MAD,rolling_mad,no-training control,No-fit,UCR,0.603104,0.362246,0.268687,0.343603,203,201,201,1.000000,1
Residual,Rolling MAD,rolling_mad,no-training control,No-fit,WSD,0.771843,0.254497,0.581228,0.293771,210,161,161,1.000000,1
Residual,Rolling MAD,rolling_mad,no-training control,No-fit,Yahoo,0.599673,0.176922,0.533600,0.149996,367,352,352,1.000000,1
Foundation,Chronos-Bolt-Tiny,Chronos-Bolt-Tiny,official checkpoint,Frozen,AIOPS,0.889272,0.106784,0.786047,0.156142,29,29,29,1.000000,1
Foundation,Chronos-Bolt-Tiny,Chronos-Bolt-Tiny,official checkpoint,Frozen,NAB,0.997597,0.003331,0.881418,0.149020,10,10,10,1.000000,1
Foundation,Chronos-Bolt-Tiny,Chronos-Bolt-Tiny,official checkpoint,Frozen,TODS,0.646486,0.133068,0.521173,0.126143,15,15,15,1.000000,1
Foundation,Chronos-Bolt-Tiny,Chronos-Bolt-Tiny,official checkpoint,Frozen,UCR,0.628269,0.370124,0.323554,0.402458,203,201,201,1.000000,1
Foundation,Chronos-Bolt-Tiny,Chronos-Bolt-Tiny,official checkpoint,Frozen,WSD,0.969489,0.079232,0.892922,0.173235,210,161,161,1.000000,1
Foundation,Chronos-Bolt-Tiny,Chronos-Bolt-Tiny,official checkpoint,Frozen,Yahoo,0.761706,0.194849,0.739418,0.197695,367,352,352,1.000000,1
Foundation,Timer-base-84M,Timer-base-84m,official checkpoint,Frozen,AIOPS,0.885848,0.101707,0.781500,0.149201,29,29,29,1.000000,1
Foundation,Timer-base-84M,Timer-base-84m,official checkpoint,Frozen,NAB,0.990240,0.022037,0.861580,0.199430,10,10,10,1.000000,1
Foundation,Timer-base-84M,Timer-base-84m,official checkpoint,Frozen,TODS,0.752226,0.118810,0.615479,0.061989,15,15,15,1.000000,1
Foundation,Timer-base-84M,Timer-base-84m,official checkpoint,Frozen,UCR,0.689110,0.365990,0.409948,0.434293,203,201,201,1.000000,1
Foundation,Timer-base-84M,Timer-base-84m,official checkpoint,Frozen,WSD,0.963496,0.097783,0.890295,0.175379,210,161,161,1.000000,1
Foundation,Timer-base-84M,Timer-base-84m,official checkpoint,Frozen,Yahoo,0.731356,0.201722,0.699223,0.198218,367,352,352,1.000000,1
Foundation,TimesFM-2.5-200M,TimesFM-2.5-200M,official checkpoint,Frozen,AIOPS,0.896071,0.100098,0.800135,0.155447,29,29,29,1.000000,1
Foundation,TimesFM-2.5-200M,TimesFM-2.5-200M,official checkpoint,Frozen,NAB,0.997318,0.004072,0.875226,0.163170,10,10,10,1.000000,1
Foundation,TimesFM-2.5-200M,TimesFM-2.5-200M,official checkpoint,Frozen,TODS,0.818229,0.116881,0.688292,0.085440,15,15,15,1.000000,1
Foundation,TimesFM-2.5-200M,TimesFM-2.5-200M,official checkpoint,Frozen,UCR,0.705449,0.352124,0.399350,0.414451,203,201,201,1.000000,1
Foundation,TimesFM-2.5-200M,TimesFM-2.5-200M,official checkpoint,Frozen,WSD,0.971428,0.070069,0.901491,0.161356,210,161,161,1.000000,1
Foundation,TimesFM-2.5-200M,TimesFM-2.5-200M,official checkpoint,Frozen,Yahoo,0.755683,0.200425,0.736386,0.202161,367,352,352,1.000000,1
Foundation,Sundial-base-128M,Sundial-base-128m,official checkpoint,Frozen,AIOPS,0.888877,0.105013,0.791664,0.157125,29,29,29,1.000000,1
Foundation,Sundial-base-128M,Sundial-base-128m,official checkpoint,Frozen,NAB,0.998192,0.002518,0.903247,0.126244,10,10,10,1.000000,1
Foundation,Sundial-base-128M,Sundial-base-128m,official checkpoint,Frozen,TODS,0.682699,0.106992,0.564441,0.067998,15,15,15,1.000000,1
Foundation,Sundial-base-128M,Sundial-base-128m,official checkpoint,Frozen,UCR,0.662750,0.366210,0.358573,0.412728,203,201,201,1.000000,1
Foundation,Sundial-base-128M,Sundial-base-128m,official checkpoint,Frozen,WSD,0.970742,0.065099,0.894322,0.173431,210,161,161,1.000000,1
Foundation,Sundial-base-128M,Sundial-base-128m,official checkpoint,Frozen,Yahoo,0.725726,0.245216,0.705925,0.244428,367,352,352,1.000000,1
Foundation,TimerPatch,TimerPatchAdapter,family adapter,Adapter,AIOPS,0.836331,0.114251,0.624015,0.148967,29,29,29,1.000000,1
Foundation,TimerPatch,TimerPatchAdapter,family adapter,Adapter,NAB,0.997693,0.003422,0.889611,0.161361,10,10,10,1.000000,1
Foundation,TimerPatch,TimerPatchAdapter,family adapter,Adapter,TODS,0.624976,0.168525,0.434523,0.086610,15,15,15,1.000000,1
Foundation,TimerPatch,TimerPatchAdapter,family adapter,Adapter,UCR,0.696256,0.368903,0.431405,0.438418,203,201,201,1.000000,1
Foundation,TimerPatch,TimerPatchAdapter,family adapter,Adapter,WSD,0.898917,0.169206,0.727143,0.252452,210,161,161,1.000000,1
Foundation,TimerPatch,TimerPatchAdapter,family adapter,Adapter,Yahoo,0.527733,0.272670,0.497421,0.259802,367,352,352,1.000000,1
Foundation,TimesFMTrend,TimesFMTrendAdapter,family adapter,Adapter,AIOPS,0.660043,0.212553,0.314630,0.203282,29,29,29,1.000000,1
Foundation,TimesFMTrend,TimesFMTrendAdapter,family adapter,Adapter,NAB,0.990240,0.014429,0.775593,0.267712,10,10,10,1.000000,1
Foundation,TimesFMTrend,TimesFMTrendAdapter,family adapter,Adapter,TODS,0.727009,0.148542,0.505593,0.162956,15,15,15,1.000000,1
Foundation,TimesFMTrend,TimesFMTrendAdapter,family adapter,Adapter,UCR,0.584664,0.344489,0.180758,0.258505,203,201,201,1.000000,1
Foundation,TimesFMTrend,TimesFMTrendAdapter,family adapter,Adapter,WSD,0.410125,0.252959,0.156350,0.143018,210,161,161,1.000000,1
Foundation,TimesFMTrend,TimesFMTrendAdapter,family adapter,Adapter,Yahoo,0.383589,0.293208,0.334711,0.267345,367,352,352,1.000000,1
Foundation,SundialProb,SundialProbAdapter,family adapter,Adapter,AIOPS,0.540607,0.252059,0.177174,0.114235,29,29,29,1.000000,1
Foundation,SundialProb,SundialProbAdapter,family adapter,Adapter,NAB,0.991587,0.008163,0.686765,0.239509,10,10,10,1.000000,1
Foundation,SundialProb,SundialProbAdapter,family adapter,Adapter,TODS,0.694229,0.175506,0.444215,0.140851,15,15,15,1.000000,1
Foundation,SundialProb,SundialProbAdapter,family adapter,Adapter,UCR,0.610591,0.339729,0.174895,0.241301,203,201,201,1.000000,1
Foundation,SundialProb,SundialProbAdapter,family adapter,Adapter,WSD,0.366682,0.243280,0.108856,0.116663,210,161,161,1.000000,1
Foundation,SundialProb,SundialProbAdapter,family adapter,Adapter,Yahoo,0.339203,0.290701,0.280791,0.251369,367,352,352,1.000000,1
Foundation,TimeMixer,TimeMixerAdapter,family adapter,Adapter,AIOPS,0.789077,0.152993,0.578311,0.183517,29,29,29,1.000000,1
Foundation,TimeMixer,TimeMixerAdapter,family adapter,Adapter,NAB,0.996100,0.006542,0.858456,0.110170,10,10,10,1.000000,1
Foundation,TimeMixer,TimeMixerAdapter,family adapter,Adapter,TODS,0.781261,0.144459,0.586484,0.088514,15,15,15,1.000000,1
Foundation,TimeMixer,TimeMixerAdapter,family adapter,Adapter,UCR,0.603597,0.368440,0.222240,0.266066,203,201,201,1.000000,1
Foundation,TimeMixer,TimeMixerAdapter,family adapter,Adapter,WSD,0.747116,0.189516,0.473610,0.254433,210,161,161,1.000000,1
Foundation,TimeMixer,TimeMixerAdapter,family adapter,Adapter,Yahoo,0.467453,0.292230,0.426245,0.277461,367,352,352,1.000000,1
Foundation,TimeMoE,TimeMoEAdapter,family adapter,Adapter,AIOPS,0.692698,0.188723,0.341284,0.135659,29,29,29,1.000000,1
Foundation,TimeMoE,TimeMoEAdapter,family adapter,Adapter,NAB,0.989443,0.014626,0.670532,0.274805,10,10,10,1.000000,1
Foundation,TimeMoE,TimeMoEAdapter,family adapter,Adapter,TODS,0.785814,0.139924,0.609830,0.147524,15,15,15,1.000000,1
Foundation,TimeMoE,TimeMoEAdapter,family adapter,Adapter,UCR,0.613542,0.341414,0.185856,0.254875,203,201,201,1.000000,1
Foundation,TimeMoE,TimeMoEAdapter,family adapter,Adapter,WSD,0.584862,0.234367,0.307503,0.202327,210,161,161,1.000000,1
Foundation,TimeMoE,TimeMoEAdapter,family adapter,Adapter,Yahoo,0.641540,0.256768,0.596726,0.246146,367,352,352,1.000000,1
TSAD,ForecastResidual,ForecastResidualAdapter,family adapter,Adapter,AIOPS,0.857430,0.110903,0.720402,0.148699,29,29,29,1.000000,1
TSAD,ForecastResidual,ForecastResidualAdapter,family adapter,Adapter,NAB,0.998112,0.003010,0.905708,0.143012,10,10,10,1.000000,1
TSAD,ForecastResidual,ForecastResidualAdapter,family adapter,Adapter,TODS,0.705685,0.153267,0.577456,0.110054,15,15,15,1.000000,1
TSAD,ForecastResidual,ForecastResidualAdapter,family adapter,Adapter,UCR,0.686779,0.370277,0.401545,0.425232,203,201,201,1.000000,1
TSAD,ForecastResidual,ForecastResidualAdapter,family adapter,Adapter,WSD,0.947144,0.126150,0.846921,0.228211,210,161,161,1.000000,1
TSAD,ForecastResidual,ForecastResidualAdapter,family adapter,Adapter,Yahoo,0.689922,0.208743,0.663127,0.202700,367,352,352,1.000000,1
TSAD,OFA,OFAAdapter,family adapter,Adapter,AIOPS,0.809246,0.132487,0.640219,0.145491,29,29,29,1.000000,1
TSAD,OFA,OFAAdapter,family adapter,Adapter,NAB,0.998569,0.003053,0.932035,0.145536,10,10,10,1.000000,1
TSAD,OFA,OFAAdapter,family adapter,Adapter,TODS,0.766222,0.148207,0.652823,0.103613,15,15,15,1.000000,1
TSAD,OFA,OFAAdapter,family adapter,Adapter,UCR,0.680992,0.368873,0.396435,0.419194,203,201,201,1.000000,1
TSAD,OFA,OFAAdapter,family adapter,Adapter,WSD,0.918764,0.143128,0.789074,0.224952,210,161,161,1.000000,1
TSAD,OFA,OFAAdapter,family adapter,Adapter,Yahoo,0.643708,0.251137,0.629580,0.249360,367,352,352,1.000000,1
TSAD,FCVAE,FCVAEAdapter,family adapter,Adapter,AIOPS,0.892435,0.086491,0.786099,0.157260,29,29,29,1.000000,1
TSAD,FCVAE,FCVAEAdapter,family adapter,Adapter,NAB,0.997195,0.003708,0.867397,0.161093,10,10,10,1.000000,1
TSAD,FCVAE,FCVAEAdapter,family adapter,Adapter,TODS,0.776609,0.117327,0.662465,0.068821,15,15,15,1.000000,1
TSAD,FCVAE,FCVAEAdapter,family adapter,Adapter,UCR,0.670839,0.373290,0.397125,0.430960,203,201,201,1.000000,1
TSAD,FCVAE,FCVAEAdapter,family adapter,Adapter,WSD,0.968513,0.079318,0.891712,0.176881,210,161,161,1.000000,1
TSAD,FCVAE,FCVAEAdapter,family adapter,Adapter,Yahoo,0.764302,0.200938,0.749438,0.204510,367,352,352,1.000000,1
TSAD,TimesNet,TimesNetAdapter,family adapter,Adapter,AIOPS,0.701110,0.201498,0.364056,0.205099,29,29,29,1.000000,1
TSAD,TimesNet,TimesNetAdapter,family adapter,Adapter,NAB,0.992946,0.012150,0.800769,0.265630,10,10,10,1.000000,1
TSAD,TimesNet,TimesNetAdapter,family adapter,Adapter,TODS,0.716896,0.150702,0.485889,0.095927,15,15,15,1.000000,1
TSAD,TimesNet,TimesNetAdapter,family adapter,Adapter,UCR,0.622620,0.339721,0.195274,0.248159,203,201,201,1.000000,1
TSAD,TimesNet,TimesNetAdapter,family adapter,Adapter,WSD,0.581773,0.238278,0.281127,0.181604,210,161,161,1.000000,1
TSAD,TimesNet,TimesNetAdapter,family adapter,Adapter,Yahoo,0.361799,0.274333,0.310626,0.251446,367,352,352,1.000000,1
TSAD,KANAD,KANADAdapter,family adapter,Adapter,AIOPS,0.769737,0.138318,0.538467,0.154373,29,29,29,1.000000,1
TSAD,KANAD,KANADAdapter,family adapter,Adapter,NAB,0.997506,0.003918,0.886905,0.172151,10,10,10,1.000000,1
TSAD,KANAD,KANADAdapter,family adapter,Adapter,TODS,0.579618,0.195026,0.391380,0.115362,15,15,15,1.000000,1
TSAD,KANAD,KANADAdapter,family adapter,Adapter,UCR,0.684430,0.364347,0.412535,0.422122,203,201,201,1.000000,1
TSAD,KANAD,KANADAdapter,family adapter,Adapter,WSD,0.860649,0.207356,0.692442,0.291671,210,161,161,1.000000,1
TSAD,KANAD,KANADAdapter,family adapter,Adapter,Yahoo,0.445001,0.326257,0.414420,0.312041,367,352,352,1.000000,1
TSAD,FITS,FITSAdapter,family adapter,Adapter,AIOPS,0.682968,0.263677,0.451768,0.253986,29,29,29,1.000000,1
TSAD,FITS,FITSAdapter,family adapter,Adapter,NAB,0.990520,0.013720,0.740491,0.283615,10,10,10,1.000000,1
TSAD,FITS,FITSAdapter,family adapter,Adapter,TODS,0.787914,0.146753,0.690710,0.186073,15,15,15,1.000000,1
TSAD,FITS,FITSAdapter,family adapter,Adapter,UCR,0.614396,0.395987,0.364878,0.433216,203,201,201,1.000000,1
TSAD,FITS,FITSAdapter,family adapter,Adapter,WSD,0.765385,0.284725,0.628749,0.327478,210,161,161,1.000000,1
TSAD,FITS,FITSAdapter,family adapter,Adapter,Yahoo,0.511972,0.332560,0.487304,0.329329,367,352,352,1.000000,1
TSAD,SubLOF,SubLOFAdapter,family adapter,Adapter,AIOPS,0.850511,0.108940,0.661540,0.177881,29,29,29,1.000000,1
TSAD,SubLOF,SubLOFAdapter,family adapter,Adapter,NAB,0.996683,0.002599,0.806104,0.107682,10,10,10,1.000000,1
TSAD,SubLOF,SubLOFAdapter,family adapter,Adapter,TODS,0.700796,0.161724,0.571800,0.109671,15,15,15,1.000000,1
TSAD,SubLOF,SubLOFAdapter,family adapter,Adapter,UCR,0.639685,0.370307,0.332916,0.373664,203,201,201,1.000000,1
TSAD,SubLOF,SubLOFAdapter,family adapter,Adapter,WSD,0.911322,0.152959,0.759224,0.237448,210,161,161,1.000000,1
TSAD,SubLOF,SubLOFAdapter,family adapter,Adapter,Yahoo,0.563417,0.197844,0.506538,0.159168,367,352,352,1.000000,1
TSAD,SAND,SANDAdapter,family adapter,Adapter,AIOPS,0.900459,0.080087,0.790374,0.154208,29,29,29,1.000000,1
TSAD,SAND,SANDAdapter,family adapter,Adapter,NAB,0.997910,0.003237,0.895404,0.143792,10,10,10,1.000000,1
TSAD,SAND,SANDAdapter,family adapter,Adapter,TODS,0.773302,0.146100,0.675892,0.094475,15,15,15,1.000000,1
TSAD,SAND,SANDAdapter,family adapter,Adapter,UCR,0.672307,0.363262,0.389547,0.420751,203,201,201,1.000000,1
TSAD,SAND,SANDAdapter,family adapter,Adapter,WSD,0.975365,0.045873,0.895473,0.156037,210,161,161,1.000000,1
TSAD,SAND,SANDAdapter,family adapter,Adapter,Yahoo,0.766221,0.208382,0.752413,0.209959,367,352,352,1.000000,1
TSAD,Matrix Profile,MatrixProfileAdapter,family adapter,Adapter,AIOPS,0.626250,0.174357,0.284356,0.102921,29,29,29,1.000000,1
TSAD,Matrix Profile,MatrixProfileAdapter,family adapter,Adapter,NAB,0.984896,0.026542,0.734743,0.357338,10,10,10,1.000000,1
TSAD,Matrix Profile,MatrixProfileAdapter,family adapter,Adapter,TODS,0.496708,0.259949,0.281786,0.176531,15,15,15,1.000000,1
TSAD,Matrix Profile,MatrixProfileAdapter,family adapter,Adapter,UCR,0.560718,0.391372,0.326543,0.420888,203,201,201,1.000000,1
TSAD,Matrix Profile,MatrixProfileAdapter,family adapter,Adapter,WSD,0.806407,0.167506,0.540637,0.254036,210,161,161,1.000000,1
TSAD,Matrix Profile,MatrixProfileAdapter,family adapter,Adapter,Yahoo,0.302441,0.233553,0.248332,0.202919,367,352,352,1.000000,1
TSAD,AR,ARAdapter,family adapter,Adapter,AIOPS,0.607791,0.232023,0.217634,0.205856,29,29,29,1.000000,1
TSAD,AR,ARAdapter,family adapter,Adapter,NAB,0.991422,0.006099,0.628609,0.226846,10,10,10,1.000000,1
TSAD,AR,ARAdapter,family adapter,Adapter,TODS,0.653914,0.193307,0.346868,0.090518,15,15,15,1.000000,1
TSAD,AR,ARAdapter,family adapter,Adapter,UCR,0.606168,0.348759,0.179587,0.242172,203,201,201,1.000000,1
TSAD,AR,ARAdapter,family adapter,Adapter,WSD,0.371489,0.263407,0.123699,0.135250,210,161,161,1.000000,1
TSAD,AR,ARAdapter,family adapter,Adapter,Yahoo,0.271286,0.277449,0.212662,0.222964,367,352,352,1.000000,1
TSAD,LSTMAD,LSTMADAdapter,family adapter,Adapter,AIOPS,0.893909,0.097308,0.787669,0.158041,29,29,29,1.000000,1
TSAD,LSTMAD,LSTMADAdapter,family adapter,Adapter,NAB,0.997676,0.003279,0.884494,0.146746,10,10,10,1.000000,1
TSAD,LSTMAD,LSTMADAdapter,family adapter,Adapter,TODS,0.763050,0.142778,0.690549,0.125546,15,15,15,1.000000,1
TSAD,LSTMAD,LSTMADAdapter,family adapter,Adapter,UCR,0.658455,0.375877,0.396940,0.434523,203,201,201,1.000000,1
TSAD,LSTMAD,LSTMADAdapter,family adapter,Adapter,WSD,0.975334,0.053875,0.896493,0.159959,210,161,161,1.000000,1
TSAD,LSTMAD,LSTMADAdapter,family adapter,Adapter,Yahoo,0.740259,0.188371,0.711728,0.187162,367,352,352,1.000000,1
TSAD,AE,AEAdapter,family adapter,Adapter,AIOPS,0.895347,0.091801,0.798067,0.159099,29,29,29,1.000000,1
TSAD,AE,AEAdapter,family adapter,Adapter,NAB,0.997599,0.003328,0.881418,0.149020,10,10,10,1.000000,1
TSAD,AE,AEAdapter,family adapter,Adapter,TODS,0.809525,0.141290,0.743034,0.123741,15,15,15,1.000000,1
TSAD,AE,AEAdapter,family adapter,Adapter,UCR,0.641157,0.382912,0.386283,0.432807,203,201,201,1.000000,1
TSAD,AE,AEAdapter,family adapter,Adapter,WSD,0.971610,0.077533,0.897096,0.171240,210,161,161,1.000000,1
TSAD,AE,AEAdapter,family adapter,Adapter,Yahoo,0.761160,0.202355,0.746466,0.204846,367,352,352,1.000000,1
TSAD,EncDecAD,EncDecADAdapter,family adapter,Adapter,AIOPS,0.662252,0.211835,0.433352,0.167849,29,29,29,1.000000,1
TSAD,EncDecAD,EncDecADAdapter,family adapter,Adapter,NAB,0.996013,0.007405,0.828925,0.191268,10,10,10,1.000000,1
TSAD,EncDecAD,EncDecADAdapter,family adapter,Adapter,TODS,0.566267,0.205717,0.325196,0.155460,15,15,15,1.000000,1
TSAD,EncDecAD,EncDecADAdapter,family adapter,Adapter,UCR,0.599406,0.345530,0.187318,0.271969,203,201,201,1.000000,1
TSAD,EncDecAD,EncDecADAdapter,family adapter,Adapter,WSD,0.538008,0.300361,0.383804,0.286185,210,161,161,1.000000,1
TSAD,EncDecAD,EncDecADAdapter,family adapter,Adapter,Yahoo,0.301653,0.330995,0.266771,0.310762,367,352,352,1.000000,1
TSAD,SRCNN,SRCNNAdapter,family adapter,Adapter,AIOPS,0.896236,0.076557,0.683639,0.138393,29,29,29,1.000000,1
TSAD,SRCNN,SRCNNAdapter,family adapter,Adapter,NAB,0.992763,0.005909,0.678137,0.201196,10,10,10,1.000000,1
TSAD,SRCNN,SRCNNAdapter,family adapter,Adapter,TODS,0.728514,0.162526,0.558490,0.080608,15,15,15,1.000000,1
TSAD,SRCNN,SRCNNAdapter,family adapter,Adapter,UCR,0.738685,0.324268,0.354349,0.355529,203,201,201,1.000000,1
TSAD,SRCNN,SRCNNAdapter,family adapter,Adapter,WSD,0.917616,0.088092,0.667616,0.193977,210,161,161,1.000000,1
TSAD,SRCNN,SRCNNAdapter,family adapter,Adapter,Yahoo,0.624142,0.284893,0.594391,0.285668,367,352,352,1.000000,1
TSAD,TFAD,TFADAdapter,family adapter,Adapter,AIOPS,0.896345,0.086433,0.748286,0.152993,29,29,29,1.000000,1
TSAD,TFAD,TFADAdapter,family adapter,Adapter,NAB,0.997704,0.003789,0.886422,0.164534,10,10,10,1.000000,1
TSAD,TFAD,TFADAdapter,family adapter,Adapter,TODS,0.774484,0.128800,0.658727,0.068710,15,15,15,1.000000,1
TSAD,TFAD,TFADAdapter,family adapter,Adapter,UCR,0.691083,0.367761,0.409411,0.427241,203,201,201,1.000000,1
TSAD,TFAD,TFADAdapter,family adapter,Adapter,WSD,0.962606,0.059703,0.851621,0.175719,210,161,161,1.000000,1
TSAD,TFAD,TFADAdapter,family adapter,Adapter,Yahoo,0.766914,0.216970,0.751950,0.220534,367,352,352,1.000000,1
TSAD,Donut,DonutAdapter,family adapter,Adapter,AIOPS,0.882427,0.097106,0.764223,0.165485,29,29,29,1.000000,1
TSAD,Donut,DonutAdapter,family adapter,Adapter,NAB,0.997642,0.003362,0.881768,0.148372,10,10,10,1.000000,1
TSAD,Donut,DonutAdapter,family adapter,Adapter,TODS,0.789183,0.132111,0.702016,0.089291,15,15,15,1.000000,1
TSAD,Donut,DonutAdapter,family adapter,Adapter,UCR,0.651791,0.376907,0.387458,0.428030,203,201,201,1.000000,1
TSAD,Donut,DonutAdapter,family adapter,Adapter,WSD,0.958223,0.109234,0.877663,0.177969,210,161,161,1.000000,1
TSAD,Donut,DonutAdapter,family adapter,Adapter,Yahoo,0.752578,0.201269,0.734927,0.203011,367,352,352,1.000000,1
TSAD,USAD,USAD-style,source-pretrained style implementation,Adapt,AIOPS,0.682213,0.172738,0.304359,0.121158,29,29,29,1.000000,1
TSAD,USAD,USAD-style,source-pretrained style implementation,Adapt,NAB,0.994877,0.007772,0.819910,0.248780,10,10,10,1.000000,1
TSAD,USAD,USAD-style,source-pretrained style implementation,Adapt,TODS,0.485625,0.258986,0.253540,0.183811,15,15,15,1.000000,1
TSAD,USAD,USAD-style,source-pretrained style implementation,Adapt,UCR,0.533486,0.402384,0.330064,0.426746,203,201,201,1.000000,1
TSAD,USAD,USAD-style,source-pretrained style implementation,Adapt,WSD,0.812718,0.174021,0.550087,0.247218,210,161,161,1.000000,1
TSAD,USAD,USAD-style,source-pretrained style implementation,Adapt,Yahoo,0.197974,0.208432,0.149137,0.170117,367,352,352,1.000000,1
TSAD,TranAD,TranAD-style,source-pretrained style implementation,Adapt,AIOPS,0.692001,0.267817,0.349483,0.198038,29,29,29,1.000000,1
TSAD,TranAD,TranAD-style,source-pretrained style implementation,Adapt,NAB,0.989766,0.014572,0.745108,0.332940,10,10,10,1.000000,1
TSAD,TranAD,TranAD-style,source-pretrained style implementation,Adapt,TODS,0.448490,0.237117,0.233101,0.169773,15,15,15,1.000000,1
TSAD,TranAD,TranAD-style,source-pretrained style implementation,Adapt,UCR,0.514066,0.416594,0.333132,0.442825,203,201,201,1.000000,1
TSAD,TranAD,TranAD-style,source-pretrained style implementation,Adapt,WSD,0.738296,0.190607,0.416081,0.238579,210,161,161,1.000000,1
TSAD,TranAD,TranAD-style,source-pretrained style implementation,Adapt,Yahoo,0.378778,0.377296,0.356731,0.370131,367,352,352,1.000000,1
TSAD,Anomaly Transformer,AnomalyTransformer-style,source-pretrained style implementation,Adapt,AIOPS,0.636211,0.230264,0.280276,0.120225,29,29,29,1.000000,1
TSAD,Anomaly Transformer,AnomalyTransformer-style,source-pretrained style implementation,Adapt,NAB,0.992703,0.014200,0.814103,0.283810,10,10,10,1.000000,1
TSAD,Anomaly Transformer,AnomalyTransformer-style,source-pretrained style implementation,Adapt,TODS,0.441471,0.223447,0.246790,0.182648,15,15,15,1.000000,1
TSAD,Anomaly Transformer,AnomalyTransformer-style,source-pretrained style implementation,Adapt,UCR,0.501795,0.405884,0.305601,0.426840,203,201,201,1.000000,1
TSAD,Anomaly Transformer,AnomalyTransformer-style,source-pretrained style implementation,Adapt,WSD,0.729554,0.192681,0.401033,0.229745,210,161,161,1.000000,1
TSAD,Anomaly Transformer,AnomalyTransformer-style,source-pretrained style implementation,Adapt,Yahoo,0.219631,0.211839,0.165695,0.167309,367,352,352,1.000000,1
TShape,Pattern-only TShape-Zero,TShapeUniversalPattern-100,strict Pattern-Bank checkpoint,Strict,AIOPS,0.866813,0.119887,0.757622,0.146287,29,29,29,1.000000,1
TShape,Pattern-only TShape-Zero,TShapeUniversalPattern-100,strict Pattern-Bank checkpoint,Strict,NAB,0.998664,0.002046,0.925671,0.106681,10,10,10,1.000000,1
TShape,Pattern-only TShape-Zero,TShapeUniversalPattern-100,strict Pattern-Bank checkpoint,Strict,TODS,0.693565,0.183738,0.621646,0.161740,15,15,15,1.000000,1
TShape,Pattern-only TShape-Zero,TShapeUniversalPattern-100,strict Pattern-Bank checkpoint,Strict,UCR,0.637082,0.381969,0.380058,0.438815,203,201,201,1.000000,1
TShape,Pattern-only TShape-Zero,TShapeUniversalPattern-100,strict Pattern-Bank checkpoint,Strict,WSD,0.951143,0.128164,0.868931,0.217716,210,161,161,1.000000,1
TShape,Pattern-only TShape-Zero,TShapeUniversalPattern-100,strict Pattern-Bank checkpoint,Strict,Yahoo,0.666185,0.337607,0.651271,0.343132,367,352,352,1.000000,1
TShape,TShape-Zero+,TShapeUniversalZeroPlus-100,proposed strict checkpoint,Strict,AIOPS,0.894903,0.096622,0.768625,0.154521,29,29,29,1.000000,1
TShape,TShape-Zero+,TShapeUniversalZeroPlus-100,proposed strict checkpoint,Strict,NAB,0.998571,0.001921,0.917664,0.109663,10,10,10,1.000000,1
TShape,TShape-Zero+,TShapeUniversalZeroPlus-100,proposed strict checkpoint,Strict,TODS,0.765756,0.134669,0.673200,0.086968,15,15,15,1.000000,1
TShape,TShape-Zero+,TShapeUniversalZeroPlus-100,proposed strict checkpoint,Strict,UCR,0.668728,0.376484,0.396450,0.435978,203,201,201,1.000000,1
TShape,TShape-Zero+,TShapeUniversalZeroPlus-100,proposed strict checkpoint,Strict,WSD,0.967487,0.073277,0.873440,0.179542,210,161,161,1.000000,1
TShape,TShape-Zero+,TShapeUniversalZeroPlus-100,proposed strict checkpoint,Strict,Yahoo,0.778686,0.223807,0.769135,0.226532,367,352,352,1.000000,1
TShape,LODO TShape adaptation,TShape-zero_shot_balanced,source-adaptation diagnostic,Adapt,AIOPS,0.870651,0.135448,0.767141,0.164556,29,29,29,1.000000,1
TShape,LODO TShape adaptation,TShape-zero_shot_balanced,source-adaptation diagnostic,Adapt,NAB,0.998288,0.002098,0.905671,0.109897,10,10,10,1.000000,1
TShape,LODO TShape adaptation,TShape-zero_shot_balanced,source-adaptation diagnostic,Adapt,TODS,0.671199,0.174466,0.596534,0.154304,15,15,15,1.000000,1
TShape,LODO TShape adaptation,TShape-zero_shot_balanced,source-adaptation diagnostic,Adapt,UCR,0.628571,0.383563,0.376808,0.442546,203,201,201,1.000000,1
TShape,LODO TShape adaptation,TShape-zero_shot_balanced,source-adaptation diagnostic,Adapt,WSD,0.957666,0.124372,0.878748,0.214052,210,161,161,1.000000,1
TShape,LODO TShape adaptation,TShape-zero_shot_balanced,source-adaptation diagnostic,Adapt,Yahoo,0.723489,0.197376,0.689155,0.192731,367,352,352,1.000000,1
TShape,PB Hybrid,TShape-zero_pattern_balanced,source+Pattern-Bank pretraining,Adapt,AIOPS,0.868656,0.151115,0.764472,0.181922,29,29,29,1.000000,1
TShape,PB Hybrid,TShape-zero_pattern_balanced,source+Pattern-Bank pretraining,Adapt,NAB,0.998664,0.002046,0.925671,0.106681,10,10,10,1.000000,1
TShape,PB Hybrid,TShape-zero_pattern_balanced,source+Pattern-Bank pretraining,Adapt,TODS,0.679916,0.178988,0.599473,0.152560,15,15,15,1.000000,1
TShape,PB Hybrid,TShape-zero_pattern_balanced,source+Pattern-Bank pretraining,Adapt,UCR,0.633218,0.382214,0.375659,0.438611,203,201,201,1.000000,1
TShape,PB Hybrid,TShape-zero_pattern_balanced,source+Pattern-Bank pretraining,Adapt,WSD,0.960661,0.114161,0.881901,0.208664,210,161,161,1.000000,1
TShape,PB Hybrid,TShape-zero_pattern_balanced,source+Pattern-Bank pretraining,Adapt,Yahoo,0.746974,0.258258,0.736918,0.260269,367,352,352,1.000000,1
TShape,PB Source-CV,TShape-zero-pattern-sourcecv,source-adaptation diagnostic,Adapt,AIOPS,0.885776,0.133213,0.782186,0.165132,29,29,29,1.000000,1
TShape,PB Source-CV,TShape-zero-pattern-sourcecv,source-adaptation diagnostic,Adapt,NAB,0.997535,0.003554,0.879145,0.149176,10,10,10,1.000000,1
TShape,PB Source-CV,TShape-zero-pattern-sourcecv,source-adaptation diagnostic,Adapt,TODS,0.741176,0.145688,0.673503,0.096941,15,15,15,1.000000,1
TShape,PB Source-CV,TShape-zero-pattern-sourcecv,source-adaptation diagnostic,Adapt,UCR,0.645062,0.382552,0.402198,0.440428,203,201,201,1.000000,1
TShape,PB Source-CV,TShape-zero-pattern-sourcecv,source-adaptation diagnostic,Adapt,WSD,0.963617,0.108097,0.888385,0.204689,210,161,161,1.000000,1
TShape,PB Source-CV,TShape-zero-pattern-sourcecv,source-adaptation diagnostic,Adapt,Yahoo,0.769679,0.228396,0.759032,0.232060,367,352,352,1.000000,1
TShape,Fixed 0.15 Fusion,TShape-zero_plus_pattern_balanced_minmax,ablation,Ablation,AIOPS,0.894578,0.097090,0.769221,0.154195,29,29,29,1.000000,1
TShape,Fixed 0.15 Fusion,TShape-zero_plus_pattern_balanced_minmax,ablation,Ablation,NAB,0.998417,0.002121,0.911254,0.116782,10,10,10,1.000000,1
TShape,Fixed 0.15 Fusion,TShape-zero_plus_pattern_balanced_minmax,ablation,Ablation,TODS,0.765428,0.136183,0.675965,0.090803,15,15,15,1.000000,1
TShape,Fixed 0.15 Fusion,TShape-zero_plus_pattern_balanced_minmax,ablation,Ablation,UCR,0.669211,0.377374,0.398874,0.434992,203,201,201,1.000000,1
TShape,Fixed 0.15 Fusion,TShape-zero_plus_pattern_balanced_minmax,ablation,Ablation,WSD,0.968035,0.072480,0.874688,0.178205,210,161,161,1.000000,1
TShape,Fixed 0.15 Fusion,TShape-zero_plus_pattern_balanced_minmax,ablation,Ablation,Yahoo,0.772319,0.215447,0.762295,0.218210,367,352,352,1.000000,1
TShape,PB100+Guard,TShape-zero-plus-pattern-cv,100%-bank ablation,Ablation,AIOPS,0.896368,0.093393,0.761311,0.151715,29,29,29,1.000000,1
TShape,PB100+Guard,TShape-zero-plus-pattern-cv,100%-bank ablation,Ablation,NAB,0.998583,0.002124,0.919745,0.115702,10,10,10,1.000000,1
TShape,PB100+Guard,TShape-zero-plus-pattern-cv,100%-bank ablation,Ablation,TODS,0.772114,0.138647,0.672671,0.091303,15,15,15,1.000000,1
TShape,PB100+Guard,TShape-zero-plus-pattern-cv,100%-bank ablation,Ablation,UCR,0.673654,0.374304,0.405529,0.432703,203,201,201,1.000000,1
TShape,PB100+Guard,TShape-zero-plus-pattern-cv,100%-bank ablation,Ablation,WSD,0.966348,0.067710,0.869895,0.174461,210,161,161,1.000000,1
TShape,PB100+Guard,TShape-zero-plus-pattern-cv,100%-bank ablation,Ablation,Yahoo,0.769386,0.214996,0.757365,0.217493,367,352,352,1.000000,1
TShape,LODO Zero+ diagnostic,TShape-zero-plus-sourcecv,source-adaptation diagnostic,Adapt,AIOPS,0.894712,0.094113,0.760430,0.152368,29,29,29,1.000000,1
TShape,LODO Zero+ diagnostic,TShape-zero-plus-sourcecv,source-adaptation diagnostic,Adapt,NAB,0.998172,0.003253,0.907308,0.143008,10,10,10,1.000000,1
TShape,LODO Zero+ diagnostic,TShape-zero-plus-sourcecv,source-adaptation diagnostic,Adapt,TODS,0.773657,0.140039,0.670798,0.091181,15,15,15,1.000000,1
TShape,LODO Zero+ diagnostic,TShape-zero-plus-sourcecv,source-adaptation diagnostic,Adapt,UCR,0.677141,0.371591,0.406359,0.432821,203,201,201,1.000000,1
TShape,LODO Zero+ diagnostic,TShape-zero-plus-sourcecv,source-adaptation diagnostic,Adapt,WSD,0.966053,0.066431,0.868696,0.174070,210,161,161,1.000000,1
TShape,LODO Zero+ diagnostic,TShape-zero-plus-sourcecv,source-adaptation diagnostic,Adapt,Yahoo,0.769431,0.214173,0.756331,0.216647,367,352,352,1.000000,1
TShape,Target-Context Diagnostic,TShape-target_trained,target-context diagnostic,Target,AIOPS,0.885120,0.106892,0.784209,0.148951,29,29,29,1.000000,1
TShape,Target-Context Diagnostic,TShape-target_trained,target-context diagnostic,Target,NAB,0.997754,0.002849,0.883241,0.136247,10,10,10,1.000000,1
TShape,Target-Context Diagnostic,TShape-target_trained,target-context diagnostic,Target,TODS,0.668977,0.173640,0.588420,0.145100,15,15,15,1.000000,1
TShape,Target-Context Diagnostic,TShape-target_trained,target-context diagnostic,Target,UCR,0.624582,0.382152,0.363236,0.433367,203,201,201,1.000000,1
TShape,Target-Context Diagnostic,TShape-target_trained,target-context diagnostic,Target,WSD,0.962978,0.110513,0.885455,0.207055,210,161,161,1.000000,1
TShape,Target-Context Diagnostic,TShape-target_trained,target-context diagnostic,Target,Yahoo,0.662465,0.343419,0.652889,0.346668,367,352,352,1.000000,1
TShape,Residual-Only Guard,TShape-zero_plus_pattern_balanced_residual_only_minmax,ablation,Ablation,AIOPS,0.894857,0.094713,0.759548,0.152556,29,29,29,1.000000,1
TShape,Residual-Only Guard,TShape-zero_plus_pattern_balanced_residual_only_minmax,ablation,Ablation,NAB,0.998141,0.003033,0.901894,0.141532,10,10,10,1.000000,1
TShape,Residual-Only Guard,TShape-zero_plus_pattern_balanced_residual_only_minmax,ablation,Ablation,TODS,0.773464,0.139877,0.669245,0.090769,15,15,15,1.000000,1
TShape,Residual-Only Guard,TShape-zero_plus_pattern_balanced_residual_only_minmax,ablation,Ablation,UCR,0.676365,0.371326,0.404563,0.433742,203,201,201,1.000000,1
TShape,Residual-Only Guard,TShape-zero_plus_pattern_balanced_residual_only_minmax,ablation,Ablation,WSD,0.964265,0.067820,0.864449,0.173693,210,161,161,1.000000,1
TShape,Residual-Only Guard,TShape-zero_plus_pattern_balanced_residual_only_minmax,ablation,Ablation,Yahoo,0.769152,0.215410,0.754582,0.217856,367,352,352,1.000000,1
TShape,Direct+Guard,TShape-zero_plus_balanced_minmax,ablation,Ablation,AIOPS,0.894130,0.097251,0.768257,0.153529,29,29,29,1.000000,1
TShape,Direct+Guard,TShape-zero_plus_balanced_minmax,ablation,Ablation,NAB,0.998678,0.001802,0.920478,0.103033,10,10,10,1.000000,1
TShape,Direct+Guard,TShape-zero_plus_balanced_minmax,ablation,Ablation,TODS,0.765082,0.136109,0.677453,0.090563,15,15,15,1.000000,1
TShape,Direct+Guard,TShape-zero_plus_balanced_minmax,ablation,Ablation,UCR,0.671951,0.377824,0.403439,0.431125,203,201,201,1.000000,1
TShape,Direct+Guard,TShape-zero_plus_balanced_minmax,ablation,Ablation,WSD,0.967520,0.072541,0.872213,0.180519,210,161,161,1.000000,1
TShape,Direct+Guard,TShape-zero_plus_balanced_minmax,ablation,Ablation,Yahoo,0.760533,0.206165,0.737938,0.208118,367,352,352,1.000000,1
